product_category,total_items_sold,unique_orders,unique_sellers,unique_products,total_sales_value,total_freight_value,avg_item_price,avg_review_score,review_count,late_delivery_rate,review_risk_rate,avg_delivery_delay_days,avg_actual_delivery_days,has_reviews,has_delivery_data
agro_industry_and_commerce,212,182,34,74,72530.47,5843.6,342.12485849056606,4.087378640776699,206,0.03398058252427184,0.13592233009708737,-11.46116504854369,11.223300970873787,True,True
air_conditioning,297,253,52,124,55024.96,6749.23,185.26922558922558,4.052816901408451,284,0.035211267605633804,0.15492957746478872,-14.27112676056338,11.73943661971831,True,True
art,209,202,36,55,24202.64,4045.17,115.8021052631579,4.082051282051282,195,0.06153846153846154,0.14358974358974358,-12.78974358974359,10.77948717948718,True,True
arts_and_craftmanship,24,23,13,19,1814.01,370.13,75.58375,4.125,24,0.041666666666666664,0.125,-6.791666666666667,5.291666666666667,True,True
audio,364,350,36,58,50688.5,5710.44,139.25412087912088,3.8379888268156424,358,0.11452513966480447,0.21508379888268156,-10.100558659217876,12.874301675977653,True,True
auto,4235,3897,383,1900,592720.11,92664.21,139.9575230224321,4.1149341142020495,4098,0.06979014153245486,0.1390922401171303,-11.461200585651538,11.702781844802342,True,True
baby,3065,2885,244,919,411764.89,68353.11,134.34417292006526,4.077728962487327,2959,0.07536329841162555,0.14937478877999325,-11.733355863467388,11.964852990875295,True,True
bed_bath_table,11115,9417,196,3029,1036988.68,204693.04,93.29632748538012,3.9232757824762254,10831,0.06887637337272644,0.18216231188255932,-11.68580925122334,12.290554888745268,True,True
books_general_interest,553,512,54,216,46856.88,9195.52,84.73215189873417,4.511278195488722,532,0.06015037593984962,0.06766917293233082,-12.172932330827068,11.142857142857142,True,True
books_imported,60,53,7,31,4639.85,769.85,77.33083333333335,4.508771929824562,57,0.03508771929824561,0.08771929824561403,-11.192982456140351,7.666666666666667,True,True
books_technical,267,260,26,123,19096.06,4283.06,71.52082397003745,4.3893129770992365,262,0.08015267175572519,0.10305343511450382,-11.255725190839694,10.236641221374045,True,True
cds_dvds_musicals,14,12,1,1,730.0,224.98999999999998,52.142857142857146,4.642857142857143,14,0.0,0.0,-16.857142857142858,10.357142857142858,True,True
christmas_supplies,153,128,17,65,8800.82,3229.3,57.52169934640523,4.06993006993007,143,0.06293706293706294,0.13286713286713286,-12.811188811188812,14.125874125874127,True,True
cine_photo,72,65,14,28,6933.46,1256.2,96.29805555555555,4.285714285714286,70,0.05714285714285714,0.12857142857142856,-11.32857142857143,10.128571428571428,True,True
computers,203,181,9,30,222963.13,9836.3,1098.3405418719212,4.219387755102041,196,0.04081632653061224,0.11734693877551021,-11.78061224489796,12.862244897959183,True,True
computers_accessories,7827,6689,287,1639,911954.32,147318.08,116.51390315574294,3.9871171289601683,7607,0.06362560799263836,0.17023793874063362,-12.457341921914027,12.741028000525832,True,True
consoles_games,1137,1062,82,317,157465.22,19828.02,138.49183817062445,4.139017608897127,1079,0.05560704355885079,0.12140871177015755,-11.732159406858202,13.114921223354958,True,True
construction_tools_construction,929,748,128,400,144677.59,20650.41,155.7347578040904,4.091108671789242,911,0.06147091108671789,0.14050493962678376,-11.679473106476399,10.220636663007683,True,True
construction_tools_lights,304,244,37,78,41080.0,7583.8,135.1315789473684,4.082191780821918,292,0.07534246575342465,0.136986301369863,-11.226027397260275,9.113013698630137,True,True
construction_tools_safety,194,167,35,91,40544.52,3919.1,208.9923711340206,3.967032967032967,182,0.027472527472527472,0.17582417582417584,-12.307692307692308,11.395604395604396,True,True
cool_stuff,3796,3632,267,789,635290.85,84039.1,167.357968914647,4.195445920303605,3689,0.05746814854974248,0.11846028734074275,-12.515315803740851,11.865004066142586,True,True
costruction_tools_garden,238,194,33,88,25715.89,5311.4,108.04995798319328,4.116379310344827,232,0.05603448275862069,0.15517241379310345,-13.543103448275861,11.431034482758621,True,True
costruction_tools_tools,103,97,24,39,15903.95,2030.22,154.40728155339806,4.444444444444445,99,0.050505050505050504,0.08080808080808081,-12.474747474747474,11.282828282828282,True,True
diapers_and_hygiene,39,27,8,12,1567.59,573.68,40.19461538461538,3.3783783783783785,37,0.0,0.21621621621621623,-11.35135135135135,10.243243243243244,True,True
drinks,379,297,36,81,22428.7,5741.25,59.178627968337736,4.119113573407202,361,0.0443213296398892,0.12465373961218837,-11.529085872576177,10.01939058171745,True,True
dvds_blu_ray,64,59,10,48,5999.39,1288.74,93.74046875,4.180327868852459,61,0.06557377049180328,0.14754098360655737,-13.360655737704919,12.508196721311476,True,True
electronics,2767,2550,149,517,160246.74,46578.32,57.913530899891576,4.067158671586716,2710,0.07564575645756458,0.14833948339483394,-11.154612546125461,12.407011070110702,True,True
fashio_female_clothing,48,39,11,27,2803.64,621.75,58.409166666666664,3.933333333333333,45,0.06666666666666667,0.13333333333333333,-11.28888888888889,11.488888888888889,True,True
fashion_bags_accessories,2031,1864,99,849,152823.54,31450.0,75.24546528803546,4.191295546558704,1976,0.05263157894736842,0.11386639676113361,-13.352226720647772,10.589574898785425,True,True
fashion_childrens_clothes,8,8,4,5,569.85,95.51,71.23125,5.0,7,0.0,0.0,-15.714285714285714,8.142857142857142,True,True
fashion_male_clothing,132,112,13,95,10797.82,2152.41,81.80166666666666,3.7580645161290325,124,0.04838709677419355,0.25,-12.862903225806452,12.314516129032258,True,True
fashion_shoes,262,240,15,173,23562.77,4918.87,89.93423664122137,4.280632411067193,253,0.039525691699604744,0.11067193675889328,-14.865612648221344,14.932806324110672,True,True
fashion_sport,30,27,10,19,2119.51,578.13,70.65033333333334,4.344827586206897,29,0.034482758620689655,0.06896551724137931,-12.379310344827585,11.379310344827585,True,True
fashion_underwear_beach,131,121,9,53,9541.55,1916.19,72.83625954198473,4.0476190476190474,126,0.09523809523809523,0.15873015873015872,-10.952380952380953,13.222222222222221,True,True
fixed_telephony,264,217,49,116,59583.0,4637.81,225.6931818181818,3.757936507936508,252,0.03571428571428571,0.23015873015873015,-14.698412698412698,12.123015873015873,True,True
flowers,33,29,3,14,1110.04,488.87,33.63757575757575,4.419354838709677,31,0.03225806451612903,0.06451612903225806,-12.483870967741936,10.419354838709678,True,True
food,510,450,58,82,29393.41,7271.03,57.63413725490196,4.262833675564682,487,0.06981519507186858,0.11704312114989733,-9.86447638603696,9.114989733059549,True,True
food_drink,278,227,34,104,15179.48,4507.99,54.602446043165465,4.364312267657993,269,0.040892193308550186,0.06691449814126393,-11.613382899628252,10.449814126394052,True,True
furniture_bedroom,109,95,23,45,20028.78,4632.23,183.75027522935778,4.252427184466019,103,0.06796116504854369,0.1262135922330097,-13.514563106796116,12.757281553398059,True,True
furniture_decor,8334,6449,370,2657,729762.49,172749.3,87.56449364050876,3.9512376237623763,8080,0.06918316831683169,0.18155940594059405,-12.457920792079207,12.338366336633664,True,True
furniture_living_room,503,422,56,156,68916.56,17968.170000000002,137.0110536779324,3.9346938775510205,490,0.0673469387755102,0.17142857142857143,-11.893877551020408,13.220408163265306,True,True
furniture_mattress_and_upholstery,38,38,5,10,4368.08,1630.46,114.94947368421053,3.891891891891892,37,0.13513513513513514,0.1891891891891892,-7.162162162162162,13.891891891891891,True,True
garden_tools,4347,3518,237,753,485256.46,98962.75,111.63019553715206,4.084198113207547,4240,0.06462264150943396,0.14952830188679245,-12.041037735849057,13.166037735849057,True,True
health_beauty,9670,8836,492,2444,1258681.34,182566.73,130.16353050672183,4.189919183326245,9404,0.073904721395151,0.1246278179498086,-12.012654189706508,11.471926839642705,True,True
home_appliances,771,764,48,370,80171.53,14818.9,103.98382619974059,4.226364846870839,751,0.045272969374167776,0.10652463382157124,-12.671105193075899,10.864181091877496,True,True
home_appliances_2,238,234,46,90,113317.74,10600.18,476.1249579831933,4.156521739130435,230,0.06086956521739131,0.12173913043478261,-12.360869565217392,13.41304347826087,True,True
home_comfort_2,30,24,4,5,760.27,410.31,25.342333333333332,3.6296296296296298,27,0.14814814814814814,0.25925925925925924,-7.925925925925926,14.407407407407407,True,True
home_confort,434,397,20,111,58572.04,8501.23,134.95861751152074,3.8524590163934427,427,0.0936768149882904,0.19672131147540983,-9.810304449648712,13.053864168618267,True,True
home_construction,604,490,68,225,83088.12,13832.24,137.56311258278146,3.95777027027027,592,0.05912162162162162,0.17398648648648649,-11.484797297297296,12.785472972972974,True,True
housewares,6964,5884,468,2335,632248.66,146149.11,90.78814761631247,4.106423919478981,6756,0.0489934872705743,0.14268798105387803,-12.336737714624038,10.44449378330373,True,True
industry_commerce_and_business,268,235,29,68,39669.61,7884.68,148.0209328358209,4.1226053639846745,261,0.05747126436781609,0.13026819923371646,-12.739463601532567,10.160919540229886,True,True
kitchen_dining_laundry_garden_furniture,281,248,52,94,46328.37,11999.43,164.8696441281139,4.033088235294118,272,0.04411764705882353,0.13602941176470587,-12.415441176470589,11.485294117647058,True,True
la_cuisine,14,13,2,10,2054.99,333.55,146.785,4.0,13,0.0,0.23076923076923078,-16.615384615384617,6.538461538461538,True,True
luggage_accessories,1092,1034,73,349,140429.98,30445.23,128.5988827838828,4.352283317800559,1073,0.04100652376514446,0.08667287977632805,-12.647716682199441,10.178937558247902,True,True
market_place,311,280,59,104,28378.47,5456.06,91.2490996784566,4.072607260726072,303,0.036303630363036306,0.12871287128712872,-14.64026402640264,11.64026402640264,True,True
music,38,38,19,27,6034.35,690.51,158.79868421052632,4.2105263157894735,38,0.05263157894736842,0.10526315789473684,-14.342105263157896,11.157894736842104,True,True
musical_instruments,680,628,70,289,191498.88,18638.49,281.616,4.221705426356589,645,0.07441860465116279,0.11937984496124031,-11.465116279069768,12.506976744186046,True,True
office_furniture,1691,1273,34,309,273960.7,68571.95,162.0110585452395,3.512696493349456,1654,0.07920193470374849,0.2545344619105199,-11.859733978234583,20.363361547763,True,True
party_supplies,43,39,12,26,4485.18,827.97,104.30651162790699,3.8333333333333335,42,0.0,0.21428571428571427,-15.119047619047619,8.904761904761905,True,True
pc_gamer,9,8,2,3,1545.95,133.57,171.77222222222224,3.625,8,0.0,0.25,-9.625,8.75,True,True
perfumery,3419,3162,175,868,399124.87,54213.84,116.73731207955542,4.219453617532273,3331,0.064545181627139,0.13059141398979285,-12.434704293005103,11.262984088862204,True,True
pet_shop,1947,1710,137,719,214315.41,39561.24,110.0746841294299,4.216710182767624,1915,0.04856396866840731,0.1206266318537859,-12.565013054830287,10.728981723237597,True,True
portateis_cozinha_e_preparadores_de_alimentos,15,14,5,10,3968.5299999999997,309.76,264.5686666666667,3.4285714285714284,14,0.07142857142857142,0.2857142857142857,-9.5,7.785714285714286,True,True
security_and_services,2,2,2,2,283.28999999999996,41.22,141.64499999999998,2.5,2,0.0,0.5,-17.0,15.0,True,True
signaling_and_security,199,140,46,93,21509.23,6507.820000000001,108.08658291457286,4.091836734693878,196,0.03571428571428571,0.11734693877551021,-12.831632653061224,9.85204081632653,True,True
small_appliances,679,630,105,231,190648.58,16020.25,280.7784683357879,4.223583460949464,653,0.0444104134762634,0.1225114854517611,-13.926493108728943,10.278713629402757,True,True
small_appliances_home_oven_and_coffee,76,75,15,31,47445.71,2747.86,624.2856578947368,4.438356164383562,73,0.0547945205479452,0.0684931506849315,-11.58904109589041,9.397260273972602,True,True
sports_leisure,8641,7720,481,2867,988048.97,168607.51,114.34428538363615,4.164955836715206,8378,0.062425399856767726,0.13046073048460252,-12.023513965146813,11.668417283361183,True,True
stationery,2517,2311,173,849,230943.23,46798.48,91.75336909018674,4.246430028559772,2451,0.06731946144430845,0.11587107303141575,-12.036311709506323,12.26642186862505,True,True
tablets_printing_image,83,79,6,9,7528.41,1226.2,90.70373493975903,4.1234567901234565,81,0.04938271604938271,0.13580246913580246,-13.024691358024691,12.419753086419753,True,True
telephony,4545,4199,149,1134,323667.52999999997,71215.79,71.21397799779977,3.9943233424159854,4404,0.06902815622161672,0.1553133514986376,-11.389418710263397,12.381698455949136,True,True
toys,4117,3886,252,1411,483946.6,77425.95,117.54836045664318,4.207301825456364,3999,0.06126531632908227,0.12203050762690673,-12.186296574143537,11.151787946986747,True,True
watches_gifts,5991,5624,101,1329,1205005.68,100535.93,201.13598397596394,4.071391708240151,5813,0.07070359538964391,0.14828831928436265,-11.966798554963013,12.140891106141407,True,True
